Running Time,Accuracy over Real Training,Accuracy over Real Testing,IPC
676.7407245635986,43.066202090592334,29.949238578680202,10
