Running Time,Accuracy over Real Training,Accuracy over Real Testing,IPC
649.1407835483551,25.128205128205128,20.304568527918782,10
